date,brand,value
2007-06,iPhone,270000.0
2007-06,Nokia,437100000.0
2007-06,Samsung,159000000.0
2007-06,Motorola,159000000.0
2007-06,Sony Ericsson,103800000.0
2007-06,LG,82000000.0
2007-06,BlackBerry,12000000.0
2007-06,HTC,8000000.0
2007-07,iPhone,1120000.0
2007-07,Nokia,438200000.0
2007-07,Samsung,159500000.0
2007-07,Motorola,158000000.0
2007-07,Sony Ericsson,102500000.0
2007-07,LG,85000000.0
2007-07,BlackBerry,12500000.0
2007-07,HTC,8300000.0
2007-08,iPhone,1250000.0
2007-08,Nokia,439500000.0
2007-08,Samsung,160000000.0
2007-08,Motorola,156000000.0
2007-08,Sony Ericsson,101000000.0
2007-08,LG,88000000.0
2007-08,BlackBerry,13000000.0
2007-08,HTC,8800000.0
2007-09,iPhone,1380000.0
2007-09,Nokia,440500000.0
2007-09,Samsung,160200000.0
2007-09,Motorola,155000000.0
2007-09,Sony Ericsson,99500000.0
2007-09,LG,90000000.0
2007-09,BlackBerry,13500000.0
2007-09,HTC,9200000.0
2007-10,iPhone,1350000.0
2007-10,Nokia,441000000.0
2007-10,Samsung,160500000.0
2007-10,Motorola,154500000.0
2007-10,Sony Ericsson,98800000.0
2007-10,LG,92000000.0
2007-10,BlackBerry,13800000.0
2007-10,HTC,9500000.0
2007-11,iPhone,1370000.0
2007-11,Nokia,441500000.0
2007-11,Samsung,160800000.0
2007-11,Motorola,154200000.0
2007-11,Sony Ericsson,98400000.0
2007-11,LG,93500000.0
2007-11,BlackBerry,14000000.0
2007-11,HTC,9600000.0
2007-12,iPhone,1390000.0
2007-12,Nokia,442000000.0
2007-12,Samsung,161000000.0
2007-12,Motorola,154000000.0
2007-12,Sony Ericsson,98000000.0
2007-12,LG,95000000.0
2007-12,BlackBerry,14200000.0
2007-12,HTC,9800000.0
2008-01,iPhone,22000000.0
2008-01,Nokia,445000000.0
2008-01,Samsung,165000000.0
2008-01,Motorola,151000000.0
2008-01,Sony Ericsson,96500000.0
2008-01,LG,98000000.0
2008-01,BlackBerry,16000000.0
2008-01,HTC,105000000.0
2008-02,iPhone,24500000.0
2008-02,Nokia,448000000.0
2008-02,Samsung,168000000.0
2008-02,Motorola,148000000.0
2008-02,Sony Ericsson,95000000.0
2008-02,LG,100000000.0
2008-02,BlackBerry,17500000.0
2008-02,HTC,11200000.0
2008-03,iPhone,29000000.0
2008-03,Nokia,452000000.0
2008-03,Samsung,172000000.0
2008-03,Motorola,146000000.0
2008-03,Sony Ericsson,93500000.0
2008-03,LG,102000000.0
2008-03,BlackBerry,19000000.0
2008-03,HTC,12000000.0
2008-04,iPhone,35000000.0
2008-04,Nokia,460000000.0
2008-04,Samsung,178000000.0
2008-04,Motorola,144000000.0
2008-04,Sony Ericsson,92000000.0
2008-04,LG,104000000.0
2008-04,BlackBerry,20500000.0
2008-04,HTC,12800000.0
2008-05,iPhone,42000000.0
2008-05,Nokia,465000000.0
2008-05,Samsung,183000000.0
2008-05,Motorola,143000000.0
2008-05,Sony Ericsson,91500000.0
2008-05,LG,106000000.0
2008-05,BlackBerry,21800000.0
2008-05,HTC,13100000.0
2008-06,iPhone,54000000.0
2008-06,Nokia,471000000.0
2008-06,Samsung,188000000.0
2008-06,Motorola,142000000.0
2008-06,Sony Ericsson,91000000.0
2008-06,LG,108000000.0
2008-06,BlackBerry,23000000.0
2008-06,HTC,13400000.0
2008-07,iPhone,62000000.0
2008-07,Nokia,470500000.0
2008-07,Samsung,190000000.0
2008-07,Motorola,141000000.0
2008-07,Sony Ericsson,90200000.0
2008-07,LG,109500000.0
2008-07,BlackBerry,26000000.0
2008-07,HTC,14500000.0
2008-08,iPhone,71000000.0
2008-08,Nokia,470000000.0
2008-08,Samsung,192500000.0
2008-08,Motorola,140000000.0
2008-08,Sony Ericsson,89500000.0
2008-08,LG,110800000.0
2008-08,BlackBerry,29000000.0
2008-08,HTC,15400000.0
2008-09,iPhone,80000000.0
2008-09,Nokia,469500000.0
2008-09,Samsung,194000000.0
2008-09,Motorola,139000000.0
2008-09,Sony Ericsson,88800000.0
2008-09,LG,111500000.0
2008-09,BlackBerry,31200000.0
2008-09,HTC,16000000.0
2008-10,iPhone,83000000.0
2008-10,Nokia,469000000.0
2008-10,Samsung,195000000.0
2008-10,Motorola,138500000.0
2008-10,Sony Ericsson,88500000.0
2008-10,LG,111800000.0
2008-10,BlackBerry,32500000.0
2008-10,HTC,16400000.0
2008-11,iPhone,85000000.0
2008-11,Nokia,469200000.0
2008-11,Samsung,195500000.0
2008-11,Motorola,138200000.0
2008-11,Sony Ericsson,88200000.0
2008-11,LG,112000000.0
2008-11,BlackBerry,33000000.0
2008-11,HTC,16600000.0
2008-12,iPhone,87000000.0
2008-12,Nokia,468900000.0
2008-12,Samsung,196000000.0
2008-12,Motorola,138000000.0
2008-12,Sony Ericsson,88000000.0
2008-12,LG,112000000.0
2008-12,BlackBerry,33500000.0
2008-12,HTC,16800000.0
2009-01,iPhone,95000000.0
2009-01,Nokia,465000000.0
2009-01,Samsung,205000000.0
2009-01,Motorola,135000000.0
2009-01,Sony Ericsson,87000000.0
2009-01,LG,113500000.0
2009-01,BlackBerry,35000000.0
2009-01,HTC,18000000.0
2009-01,ZTE,25000000.0
2009-01,Huawei,20000000.0
2009-02,iPhone,102000000.0
2009-02,Nokia,458000000.0
2009-02,Samsung,212000000.0
2009-02,Motorola,130000000.0
2009-02,Sony Ericsson,86000000.0
2009-02,LG,115000000.0
2009-02,BlackBerry,37000000.0
2009-02,HTC,20000000.0
2009-02,ZTE,26000000.0
2009-02,Huawei,21000000.0
2009-03,iPhone,108000000.0
2009-03,Nokia,450000000.0
2009-03,Samsung,218000000.0
2009-03,Motorola,125000000.0
2009-03,Sony Ericsson,85000000.0
2009-03,LG,117000000.0
2009-03,BlackBerry,39000000.0
2009-03,HTC,22000000.0
2009-03,ZTE,27000000.0
2009-03,Huawei,22000000.0
2009-04,iPhone,110000000.0
2009-04,Nokia,445000000.0
2009-04,Samsung,221000000.0
2009-04,Motorola,120000000.0
2009-04,Sony Ericsson,84000000.0
2009-04,LG,118500000.0
2009-04,BlackBerry,40500000.0
2009-04,HTC,23500000.0
2009-04,ZTE,27500000.0
2009-04,Huawei,22500000.0
2009-05,iPhone,112000000.0
2009-05,Nokia,438000000.0
2009-05,Samsung,224000000.0
2009-05,Motorola,115000000.0
2009-05,Sony Ericsson,93500000.0
2009-05,LG,120000000.0
2009-05,BlackBerry,42000000.0
2009-05,HTC,24500000.0
2009-05,ZTE,28000000.0
2009-05,Huawei,22800000.0
2009-06,iPhone,114000000.0
2009-06,Nokia,431800000.0
2009-06,Samsung,227400000.0
2009-06,Motorola,106500000.0
2009-06,Sony Ericsson,93100000.0
2009-06,LG,122100000.0
2009-06,BlackBerry,43200000.0
2009-06,HTC,25600000.0
2009-06,ZTE,28000000.0
2009-06,Huawei,23000000.0
2009-07,iPhone,1580000000.0
2009-07,Nokia,4350000000.0
2009-07,Samsung,2295000000.0
2009-07,Motorola,1040000000.0
2009-07,Sony Ericsson,925000000.0
2009-07,LG,1228000000.0
2009-07,BlackBerry,4450000000.0
2009-07,HTC,2680000000.0
2009-07,ZTE,2950000000.0
2009-07,Huawei,2400000000.0
2009-08,iPhone,1950000000.0
2009-08,Nokia,4370000000.0
2009-08,Samsung,2320000000.0
2009-08,Motorola,1015000000.0
2009-08,Sony Ericsson,918000000.0
2009-08,LG,1235000000.0
2009-08,BlackBerry,4600000000.0
2009-08,HTC,2850000000.0
2009-08,ZTE,3100000000.0
2009-08,Huawei,2550000000.0
2009-09,iPhone,2100000000.0
2009-09,Nokia,4385000000.0
2009-09,Samsung,2340000000.0
2009-09,Motorola,990000000.0
2009-09,Sony Ericsson,910000000.0
2009-09,LG,1240000000.0
2009-09,BlackBerry,4720000000.0
2009-09,HTC,3000000000.0
2009-09,ZTE,3250000000.0
2009-09,Huawei,2650000000.0
2009-10,iPhone,2250000000.0
2009-10,Nokia,4390000000.0
2009-10,Samsung,2348000000.0
2009-10,Motorola,975000000.0
2009-10,Sony Ericsson,905000000.0
2009-10,LG,1245000000.0
2009-10,BlackBerry,4780000000.0
2009-10,HTC,3120000000.0
2009-10,ZTE,3350000000.0
2009-10,Huawei,2700000000.0
2009-11,iPhone,2380000000.0
2009-11,Nokia,4395000000.0
2009-11,Samsung,2352000000.0
2009-11,Motorola,965000000.0
2009-11,Sony Ericsson,903000000.0
2009-11,LG,1250000000.0
2009-11,BlackBerry,4820000000.0
2009-11,HTC,3180000000.0
2009-11,ZTE,3420000000.0
2009-11,Huawei,2720000000.0
2009-12,iPhone,25100000000.0
2009-12,Nokia,4402000000.0
2009-12,Samsung,2358000000.0
2009-12,Motorola,956000000.0
2009-12,Sony Ericsson,902000000.0
2009-12,LG,1178000000.0
2009-12,BlackBerry,4850000000.0
2009-12,HTC,3240000000.0
2009-12,ZTE,3500000000.0
2009-12,Huawei,2750000000.0
2010-01,iPhone,3050000000.0
2010-01,Nokia,4350000000.0
2010-01,Samsung,2450000000.0
2010-01,Motorola,935000000.0
2010-01,Sony Ericsson,890000000.0
2010-01,LG,1165000000.0
2010-01,BlackBerry,4900000000.0
2010-01,HTC,3380000000.0
2010-01,ZTE,3600000000.0
2010-01,Huawei,2850000000.0
2010-02,iPhone,3580000000.0
2010-02,Nokia,4330000000.0
2010-02,Samsung,2550000000.0
2010-02,Motorola,910000000.0
2010-02,Sony Ericsson,875000000.0
2010-02,LG,1160000000.0
2010-02,BlackBerry,4950000000.0
2010-02,HTC,3520000000.0
2010-02,ZTE,3680000000.0
2010-02,Huawei,2950000000.0
2010-03,iPhone,4120000000.0
2010-03,Nokia,4320000000.0
2010-03,Samsung,2650000000.0
2010-03,Motorola,895000000.0
2010-03,Sony Ericsson,860000000.0
2010-03,LG,1155000000.0
2010-03,BlackBerry,5000000000.0
2010-03,HTC,3650000000.0
2010-03,ZTE,3750000000.0
2010-03,Huawei,3050000000.0
2010-04,iPhone,4550000000.0
2010-04,Nokia,4300000000.0
2010-04,Samsung,2750000000.0
2010-04,Motorola,880000000.0
2010-04,Sony Ericsson,845000000.0
2010-04,LG,1158000000.0
2010-04,BlackBerry,5050000000.0
2010-04,HTC,3780000000.0
2010-04,ZTE,3800000000.0
2010-04,Huawei,3150000000.0
2010-05,iPhone,4650000000.0
2010-05,Nokia,4328000000.0
2010-05,Samsung,2780000000.0
2010-05,Motorola,868000000.0
2010-05,Sony Ericsson,832000000.0
2010-05,LG,1162000000.0
2010-05,BlackBerry,5100000000.0
2010-05,HTC,3860000000.0
2010-05,ZTE,3850000000.0
2010-05,Huawei,3300000000.0
2010-06,iPhone,4750000000.0
2010-06,Nokia,4356000000.0
2010-06,Samsung,2811000000.0
2010-06,Motorola,854000000.0
2010-06,Sony Ericsson,418000000.0
2010-06,LG,1167000000.0
2010-06,BlackBerry,4880000000.0
2010-06,HTC,3950000000.0
2010-06,ZTE,3800000000.0
2010-06,Huawei,3520000000.0
2010-07,iPhone,4880000000.0
2010-07,Nokia,4320000000.0
2010-07,Samsung,2850000000.0
2010-07,Motorola,842000000.0
2010-07,Sony Ericsson,410000000.0
2010-07,LG,1155000000.0
2010-07,BlackBerry,4920000000.0
2010-07,HTC,4120000000.0
2010-07,ZTE,3950000000.0
2010-07,Huawei,3680000000.0
2010-08,iPhone,4950000000.0
2010-08,Nokia,4280000000.0
2010-08,Samsung,2885000000.0
2010-08,Motorola,835000000.0
2010-08,Sony Ericsson,405000000.0
2010-08,LG,1148000000.0
2010-08,BlackBerry,4980000000.0
2010-08,HTC,4350000000.0
2010-08,ZTE,4100000000.0
2010-08,Huawei,3820000000.0
2010-09,iPhone,5020000000.0
2010-09,Nokia,4220000000.0
2010-09,Samsung,2920000000.0
2010-09,Motorola,828000000.0
2010-09,Sony Ericsson,400000000.0
2010-09,LG,1140000000.0
2010-09,BlackBerry,5050000000.0
2010-09,HTC,4580000000.0
2010-09,ZTE,4250000000.0
2010-09,Huawei,3950000000.0
2010-10,iPhone,5150000000.0
2010-10,Nokia,4150000000.0
2010-10,Samsung,2980000000.0
2010-10,Motorola,820000000.0
2010-10,Sony Ericsson,395000000.0
2010-10,LG,1132000000.0
2010-10,BlackBerry,5120000000.0
2010-10,HTC,4820000000.0
2010-10,ZTE,4400000000.0
2010-10,Huawei,4100000000.0
2010-11,iPhone,5280000000.0
2010-11,Nokia,4080000000.0
2010-11,Samsung,3050000000.0
2010-11,Motorola,815000000.0
2010-11,Sony Ericsson,390000000.0
2010-11,LG,1125000000.0
2010-11,BlackBerry,5180000000.0
2010-11,HTC,5050000000.0
2010-11,ZTE,4550000000.0
2010-11,Huawei,4250000000.0
2010-12,iPhone,5420000000.0
2010-12,Nokia,4020000000.0
2010-12,Samsung,3120000000.0
2010-12,Motorola,810000000.0
2010-12,Sony Ericsson,385000000.0
2010-12,LG,1120000000.0
2010-12,BlackBerry,5250000000.0
2010-12,HTC,5280000000.0
2010-12,ZTE,4700000000.0
2010-12,Huawei,4400000000.0
2011-01,iPhone,5580000000.0
2011-01,Nokia,3950000000.0
2011-01,Samsung,3180000000.0
2011-01,Motorola,805000000.0
2011-01,Sony Ericsson,380000000.0
2011-01,LG,1115000000.0
2011-01,BlackBerry,5300000000.0
2011-01,HTC,5450000000.0
2011-01,ZTE,4850000000.0
2011-01,Huawei,4550000000.0
2011-02,iPhone,5720000000.0
2011-02,Nokia,3880000000.0
2011-02,Samsung,3250000000.0
2011-02,Motorola,800000000.0
2011-02,Sony Ericsson,375000000.0
2011-02,LG,1110000000.0
2011-02,BlackBerry,5350000000.0
2011-02,HTC,5620000000.0
2011-02,ZTE,5000000000.0
2011-02,Huawei,4700000000.0
2011-03,iPhone,5850000000.0
2011-03,Nokia,3820000000.0
2011-03,Samsung,3320000000.0
2011-03,Motorola,795000000.0
2011-03,Sony Ericsson,370000000.0
2011-03,LG,1105000000.0
2011-03,BlackBerry,5400000000.0
2011-03,HTC,5800000000.0
2011-03,ZTE,5150000000.0
2011-03,Huawei,4850000000.0
2011-04,iPhone,6020000000.0
2011-04,Nokia,3750000000.0
2011-04,Samsung,3400000000.0
2011-04,Motorola,790000000.0
2011-04,Sony Ericsson,365000000.0
2011-04,LG,1100000000.0
2011-04,BlackBerry,5450000000.0
2011-04,HTC,5980000000.0
2011-04,ZTE,5300000000.0
2011-04,Huawei,5000000000.0
2011-05,iPhone,6250000000.0
2011-05,Nokia,3680000000.0
2011-05,Samsung,3480000000.0
2011-05,Motorola,785000000.0
2011-05,Sony Ericsson,360000000.0
2011-05,LG,1095000000.0
2011-05,BlackBerry,5500000000.0
2011-05,HTC,6150000000.0
2011-05,ZTE,5450000000.0
2011-05,Huawei,5150000000.0
2011-06,iPhone,6500000000.0
2011-06,Nokia,3620000000.0
2011-06,Samsung,3550000000.0
2011-06,Motorola,780000000.0
2011-06,Sony Ericsson,3550000000.0
2011-06,LG,1090000000.0
2011-06,BlackBerry,5550000000.0
2011-06,HTC,6320000000.0
2011-06,ZTE,5600000000.0
2011-06,Huawei,5300000000.0
2011-07,iPhone,6850000000.0
2011-07,Nokia,3580000000.0
2011-07,Samsung,3620000000.0
2011-07,Motorola,775000000.0
2011-07,Sony Ericsson,3500000000.0
2011-07,LG,1085000000.0
2011-07,BlackBerry,5600000000.0
2011-07,HTC,6500000000.0
2011-07,ZTE,5750000000.0
2011-07,Huawei,5450000000.0
2011-08,iPhone,7200000000.0
2011-08,Nokia,3520000000.0
2011-08,Samsung,3680000000.0
2011-08,Motorola,770000000.0
2011-08,Sony Ericsson,3450000000.0
2011-08,LG,1080000000.0
2011-08,BlackBerry,5650000000.0
2011-08,HTC,6680000000.0
2011-08,ZTE,5900000000.0
2011-08,Huawei,5600000000.0
2011-09,iPhone,7550000000.0
2011-09,Nokia,3450000000.0
2011-09,Samsung,3750000000.0
2011-09,Motorola,765000000.0
2011-09,Sony Ericsson,3400000000.0
2011-09,LG,1075000000.0
2011-09,BlackBerry,5700000000.0
2011-09,HTC,6850000000.0
2011-09,ZTE,6050000000.0
2011-09,Huawei,5750000000.0
2011-10,iPhone,8550000000.0
2011-10,Nokia,3380000000.0
2011-10,Samsung,3820000000.0
2011-10,Motorola,760000000.0
2011-10,Sony Ericsson,3350000000.0
2011-10,LG,1070000000.0
2011-10,BlackBerry,5750000000.0
2011-10,HTC,7020000000.0
2011-10,ZTE,6200000000.0
2011-10,Huawei,5900000000.0
2011-11,iPhone,9580000000.0
2011-11,Nokia,3320000000.0
2011-11,Samsung,3880000000.0
2011-11,Motorola,755000000.0
2011-11,Sony Ericsson,3300000000.0
2011-11,LG,1065000000.0
2011-11,BlackBerry,5800000000.0
2011-11,HTC,7150000000.0
2011-11,ZTE,6350000000.0
2011-11,Huawei,6050000000.0
2011-12,iPhone,10250000000.0
2011-12,Nokia,3250000000.0
2011-12,Samsung,3950000000.0
2011-12,Motorola,750000000.0
2011-12,Sony Ericsson,3250000000.0
2011-12,LG,1060000000.0
2011-12,BlackBerry,5850000000.0
2011-12,HTC,7280000000.0
2011-12,ZTE,6500000000.0
2011-12,Huawei,6200000000.0
2012-01,iPhone,10850000000.0
2012-01,Nokia,3180000000.0
2012-01,Samsung,4020000000.0
2012-01,Motorola,745000000.0
2012-01,Sony,32000000.0
2012-01,LG,1055000000.0
2012-01,BlackBerry,5900000000.0
2012-01,HTC,7350000000.0
2012-01,ZTE,6650000000.0
2012-01,Huawei,6350000000.0
2012-02,iPhone,11580000000.0
2012-02,Nokia,3120000000.0
2012-02,Samsung,4080000000.0
2012-02,Motorola,740000000.0
2012-02,Sony,31500000.0
2012-02,LG,1050000000.0
2012-02,BlackBerry,5950000000.0
2012-02,HTC,7420000000.0
2012-02,ZTE,6800000000.0
2012-02,Huawei,6500000000.0
2012-03,iPhone,12250000000.0
2012-03,Nokia,3050000000.0
2012-03,Samsung,4150000000.0
2012-03,Motorola,735000000.0
2012-03,Sony,31000000.0
2012-03,LG,1045000000.0
2012-03,BlackBerry,6000000000.0
2012-03,HTC,7500000000.0
2012-03,ZTE,6950000000.0
2012-03,Huawei,6650000000.0
2012-04,iPhone,12850000000.0
2012-04,Nokia,2980000000.0
2012-04,Samsung,4250000000.0
2012-04,Motorola,730000000.0
2012-04,Sony,30500000.0
2012-04,LG,1040000000.0
2012-04,BlackBerry,6050000000.0
2012-04,HTC,7580000000.0
2012-04,ZTE,7100000000.0
2012-04,Huawei,6800000000.0
2012-05,iPhone,13200000000.0
2012-05,Nokia,2920000000.0
2012-05,Samsung,4380000000.0
2012-05,Motorola,725000000.0
2012-05,Sony,3000000.0
2012-05,LG,1035000000.0
2012-05,BlackBerry,6100000000.0
2012-05,HTC,7650000000.0
2012-05,ZTE,7250000000.0
2012-05,Huawei,6950000000.0
2012-06,iPhone,13550000000.0
2012-06,Nokia,2850000000.0
2012-06,Samsung,4520000000.0
2012-06,Motorola,720000000.0
2012-06,Sony,29500000.0
2012-06,LG,1030000000.0
2012-06,BlackBerry,6150000000.0
2012-06,HTC,7720000000.0
2012-06,ZTE,7400000000.0
2012-06,Huawei,7100000000.0
2012-07,iPhone,13850000000.0
2012-07,Nokia,2780000000.0
2012-07,Samsung,4650000000.0
2012-07,Motorola,715000000.0
2012-07,Sony,29000000.0
2012-07,LG,1025000000.0
2012-07,BlackBerry,6200000000.0
2012-07,HTC,7800000000.0
2012-07,ZTE,7550000000.0
2012-07,Huawei,7250000000.0
2012-08,iPhone,14150000000.0
2012-08,Nokia,2720000000.0
2012-08,Samsung,4780000000.0
2012-08,Motorola,710000000.0
2012-08,Sony,28500000.0
2012-08,LG,1020000000.0
2012-08,BlackBerry,6250000000.0
2012-08,HTC,7880000000.0
2012-08,ZTE,7700000000.0
2012-08,Huawei,7400000000.0
2012-09,iPhone,14500000000.0
2012-09,Nokia,2650000000.0
2012-09,Samsung,4920000000.0
2012-09,Motorola,705000000.0
2012-09,Sony,28000000.0
2012-09,LG,1015000000.0
2012-09,BlackBerry,6300000000.0
2012-09,HTC,7950000000.0
2012-09,ZTE,7850000000.0
2012-09,Huawei,7550000000.0
2012-10,iPhone,14850000000.0
2012-10,Nokia,2580000000.0
2012-10,Samsung,5050000000.0
2012-10,Motorola,700000000.0
2012-10,Sony,27500000.0
2012-10,LG,1010000000.0
2012-10,BlackBerry,6350000000.0
2012-10,HTC,8020000000.0
2012-10,ZTE,8000000000.0
2012-10,Huawei,7700000000.0
2012-11,iPhone,15200000000.0
2012-11,Nokia,2520000000.0
2012-11,Samsung,5180000000.0
2012-11,Motorola,695000000.0
2012-11,Sony,27000000.0
2012-11,LG,1005000000.0
2012-11,BlackBerry,6400000000.0
2012-11,HTC,8100000000.0
2012-11,ZTE,8150000000.0
2012-11,Huawei,7850000000.0
2012-11,Xiaomi,4250000000.0
2012-12,iPhone,15500000000.0
2012-12,Nokia,2450000000.0
2012-12,Samsung,5320000000.0
2012-12,Motorola,690000000.0
2012-12,Sony,26500000.0
2012-12,LG,1000000000.0
2012-12,BlackBerry,6450000000.0
2012-12,HTC,8200000000.0
2012-12,ZTE,8300000000.0
2012-12,Huawei,8000000000.0
2013-01,iPhone,15850000000.0
2013-01,Nokia,2380000000.0
2013-01,Samsung,5450000000.0
2013-01,Motorola,685000000.0
2013-01,Sony,26000000.0
2013-01,LG,995000000.0
2013-01,BlackBerry,6500000000.0
2013-01,HTC,8250000000.0
2013-01,ZTE,8450000000.0
2013-01,Huawei,8150000000.0
2013-01,Xiaomi,1710000000.0
2013-02,iPhone,16200000000.0
2013-02,Nokia,2320000000.0
2013-02,Samsung,5580000000.0
2013-02,Motorola,680000000.0
2013-02,Sony,25500000.0
2013-02,LG,990000000.0
2013-02,BlackBerry,6550000000.0
2013-02,HTC,8300000000.0
2013-02,ZTE,8600000000.0
2013-02,Huawei,8300000000.0
2013-02,Xiaomi,1780000000.0
2013-03,iPhone,16580000000.0
2013-03,Nokia,2250000000.0
2013-03,Samsung,5720000000.0
2013-03,Motorola,675000000.0
2013-03,Sony,25000000.0
2013-03,LG,9850000000.0
2013-03,BlackBerry,6600000000.0
2013-03,HTC,8350000000.0
2013-03,ZTE,8750000000.0
2013-03,Huawei,8450000000.0
2013-03,Xiaomi,1850000000.0
2013-04,iPhone,16950000000.0
2013-04,Nokia,1380000000.0
2013-04,Samsung,5850000000.0
2013-04,Motorola,670000000.0
2013-04,Sony,24500000.0
2013-04,LG,9800000000.0
2013-04,BlackBerry,6650000000.0
2013-04,HTC,8400000000.0
2013-04,ZTE,8900000000.0
2013-04,Huawei,8600000000.0
2013-04,Xiaomi,1920000000.0
2013-05,iPhone,17320000000
2013-05,Nokia,1320000000.0
2013-05,Samsung,5980000000.0
2013-05,Motorola,50000000.0
2013-05,Sony,2000.0
2013-05,LG,5750000000.0
2013-05,BlackBerry,9800000000.0
2013-05,HTC,11450000000.0
2013-05,ZTE,18050000000.0
2013-05,Huawei,1780000000.0
2013-05,Xiaomi,3670000000.0
2013-06,iPhone,17700000000
2013-06,Nokia,1180000000.0
2013-06,Samsung,11050000000.0
2013-06,Motorola,50500000.0
2013-06,Sony,8000000.0
2013-06,LG,7250000000.0
2013-06,BlackBerry,8300000000.0
2013-06,HTC,10050000000.0
2013-06,ZTE,13850000000.0
2013-06,Huawei,13550000000.0
2013-06,Xiaomi,1710000000.0
2013-07,iPhone,18050000000
2013-07,Nokia,1980000000.0
2013-07,Samsung,11180000000.0
2013-07,Motorola,53500000.0
2013-07,Sony,9500000.0
2013-07,LG,7200000000.0
2013-07,BlackBerry,8350000000.0
2013-07,HTC,10100000000.0
2013-07,ZTE,14000000000.0
2013-07,Huawei,13700000000.0
2013-07,Xiaomi,1780000000.0
2013-08,iPhone,18420000000
2013-08,Nokia,1920000000.0
2013-08,Samsung,11320000000.0
2013-08,Motorola,52500000.0
2013-08,Sony,9000000.0
2013-08,LG,7150000000.0
2013-08,BlackBerry,8300000000.0
2013-08,HTC,10050000000.0
2013-08,ZTE,14150000000.0
2013-08,Huawei,13850000000.0
2013-08,Xiaomi,1850000000.0
2013-09,iPhone,18800000000
2013-09,Nokia,1850000000.0
2013-09,Samsung,11320000000.0
2013-09,Motorola,52500000.0
2013-09,Sony,9000000.0
2013-09,LG,7150000000.0
2013-09,BlackBerry,8300000000.0
2013-09,HTC,10050000000.0
2013-09,ZTE,14150000000.0
2013-09,Huawei,13850000000.0
2013-09,Xiaomi,1850000000.0
2013-10,iPhone,19200000000
2013-10,Nokia,1780000000.0
2013-10,Samsung,11320000000.0
2013-10,Motorola,52500000.0
2013-10,Sony,9000000.0
2013-10,LG,7150000000.0
2013-10,BlackBerry,8350000000.0
2013-10,HTC,10100000000.0
2013-10,ZTE,14000000000.0
2013-10,Huawei,13700000000.0
2013-10,Xiaomi,1780000000.0
2013-11,iPhone,19650000000
2013-11,Nokia,1200000000.0
2013-11,Samsung,11320000000.0
2013-11,Motorola,52500000.0
2013-11,Sony,9000000.0
2013-11,LG,7150000000.0
2013-11,BlackBerry,8300000000.0
2013-11,HTC,10050000000.0
2013-11,ZTE,14150000000.0
2013-11,Huawei,13850000000.0
2013-11,Xiaomi,1850000000.0
2013-12,iPhone,20100000000
2013-12,Nokia,1650000000.0
2013-12,Samsung,11320000000.0
2013-12,Motorola,52500000.0
2013-12,Sony,9000000.0
2013-12,LG,7150000000.0
2013-12,BlackBerry,8350000000.0
2013-12,HTC,10100000000.0
2013-12,ZTE,14000000000.0
2013-12,Huawei,13700000000.0
2013-12,Xiaomi,1780000000.0
2014-01,iPhone,20550000000
2014-01,Nokia,1580000000.0
2014-01,Samsung,1625000000.0
2014-01,Motorola,52000000.0
2014-01,Sony,5500000.0
2014-01,LG,68000000.0
2014-01,BlackBerry,87000000.0
2014-01,HTC,104500000.0
2014-01,ZTE,150500000.0
2014-01,Huawei,148000000.0
2014-01,Xiaomi,227000000.0
2014-02,iPhone,21020000000
2014-02,Nokia,1520000000.0
2014-02,Samsung,1638000000.0
2014-02,Motorola,51500000.0
2014-02,Sony,8000000.0
2014-02,LG,70500000.0
2014-02,BlackBerry,84500000.0
2014-02,HTC,102000000.0
2014-02,ZTE,143000000.0
2014-02,Huawei,140500000.0
2014-02,Xiaomi,192000000.0
2014-03,iPhone,21500000000
2014-03,Nokia,1450000000.0
2014-03,Samsung,1652000000.0
2014-03,Motorola,51000000.0
2014-03,Sony,7500000.0
2014-03,LG,70000000.0
2014-03,BlackBerry,85000000.0
2014-03,HTC,102500000.0
2014-03,ZTE,144500000.0
2014-03,Huawei,142000000.0
2014-03,Xiaomi,199000000.0
2014-04,iPhone,21950000000
2014-04,Nokia,1380000000.0
2014-04,Samsung,1185000000.0
2014-04,Motorola,50500000.0
2014-04,Sony,7000000.0
2014-04,LG,69500000.0
2014-04,BlackBerry,86000000.0
2014-04,HTC,103000000.0
2014-04,ZTE,146000000.0
2014-04,Huawei,143500000.0
2014-04,Xiaomi,206000000.0
2014-05,iPhone,22420000000
2014-05,Nokia,1320000000.0
2014-05,Samsung,1518000000.0
2014-05,Motorola,50000000.0
2014-05,Sony,2000.0
2014-05,LG,57500000.0
2014-05,BlackBerry,98000000.0
2014-05,HTC,114500000.0
2014-05,ZTE,180500000.0
2014-05,Huawei,178000000.0
2014-05,Xiaomi,367000000.0
2014-06,iPhone,22900000000
2014-06,Nokia,2000.0
2014-06,Samsung,1532000000.0
2014-06,Motorola,51000000.0
2014-06,Sony,10000.0
2014-06,LG,57000000.0
2014-06,BlackBerry,98500000.0
2014-06,HTC,115000000.0
2014-06,ZTE,182000000.0
2014-06,Huawei,179000000.0
2014-06,Xiaomi,367000000.0
2014-07,iPhone,23400000000
2014-07,Nokia,10000.0
2014-07,Samsung,1545000000.0
2014-07,Motorola,51500000.0
2014-07,Sony,5000.0
2014-07,LG,56500000.0
2014-07,BlackBerry,99000000.0
2014-07,HTC,115500000.0
2014-07,ZTE,183500000.0
2014-07,Huawei,180500000.0
2014-07,Xiaomi,374000000.0
2014-08,iPhone,23950000000
2014-08,Nokia,92000000.0
2014-08,Samsung,1558000000.0
2014-08,Motorola,52000000.0
2014-08,Sony,2000.0
2014-08,LG,56000000.0
2014-08,BlackBerry,99500000.0
2014-08,HTC,116000000.0
2014-08,ZTE,185000000.0
2014-08,Huawei,182000000.0
2014-08,Xiaomi,381000000.0
2014-09,iPhone,24500000000
2014-09,Nokia,78000000.0
2014-09,Samsung,1572000000.0
2014-09,Motorola,52500000.0
2014-09,Sony,10000.0
2014-09,LG,55500000.0
2014-09,BlackBerry,100000000.0
2014-09,HTC,116500000.0
2014-09,ZTE,186500000.0
2014-09,Huawei,183500000.0
2014-09,Xiaomi,388000000.0
2014-10,iPhone,24800000000
2014-10,Nokia,65000000.0
2014-10,Samsung,1585000000.0
2014-10,Motorola,53000000.0
2014-10,Sony,500.0
2014-10,LG,55000000.0
2014-10,BlackBerry,100500000.0
2014-10,HTC,117000000.0
2014-10,ZTE,188000000.0
2014-10,Huawei,185000000.0
2014-10,Xiaomi,395000000.0
2014-11,iPhone,25150000000
2014-11,Nokia,52000000.0
2014-11,Samsung,1598000000.0
2014-11,Motorola,52500000.0
2014-11,Sony,200.0
2014-11,LG,54500000.0
2014-11,BlackBerry,101000000.0
2014-11,HTC,117500000.0
2014-11,ZTE,189500000.0
2014-11,Huawei,186500000.0
2014-11,Xiaomi,402000000.0
2014-12,iPhone,25500000000
2014-12,Nokia,38000000.0
2014-12,Samsung,1612000000.0
2014-12,Motorola,52500000.0
2014-12,Sony,100000.0
2014-12,LG,54000000.0
2014-12,BlackBerry,101500000.0
2014-12,HTC,118000000.0
2014-12,ZTE,191000000.0
2014-12,Huawei,188000000.0
2014-12,Xiaomi,409000000.0
2017-07,iPhone,4358000000.0
2017-07,Nokia,105000000.0
2017-07,Samsung,1225000000.0
2017-07,Motorola,49000000.0
2017-07,Sony,5500000.0
2017-07,LG,68000000.0
2017-07,BlackBerry,87000000.0
2017-07,HTC,104500000.0
2017-07,ZTE,150500000.0
2017-07,Huawei,148000000.0
2017-07,Xiaomi,227000000.0
2017-08,iPhone,4415000000
2017-08,Nokia,92000000.0
2017-08,Samsung,1238000000.0
2017-08,Motorola,48500000.0
2017-08,Sony,5000000.0
2017-08,LG,67500000.0
2017-08,BlackBerry,87500000.0
2017-08,HTC,105000000.0
2017-08,ZTE,152000000.0
2017-08,Huawei,149500000.0
2017-08,Xiaomi,234000000.0
2017-09,iPhone,4472000000
2017-09,Nokia,78000000.0
2017-09,Samsung,1252000000.0
2017-09,Motorola,48000000.0
2017-09,Sony,4500000.0
2017-09,LG,67000000.0
2017-09,BlackBerry,88000000.0
2017-09,HTC,105500000.0
2017-09,ZTE,153500000.0
2017-09,Huawei,151000000.0
2017-09,Xiaomi,241000000.0
2017-10,iPhone,4530000000
2017-10,Nokia,65000000.0
2017-10,Samsung,1265000000.0
2017-10,Motorola,47500000.0
2017-10,Sony,4000000.0
2017-10,LG,66500000.0
2017-10,BlackBerry,88500000.0
2017-10,HTC,106000000.0
2017-10,ZTE,155000000.0
2017-10,Huawei,152500000.0
2017-10,Xiaomi,248000000.0
2017-11,iPhone,4588000000
2017-11,Nokia,52000000.0
2017-11,Samsung,1598000000.0
2017-11,Motorola,47000000.0
2017-11,Sony,3500000.0
2017-11,LG,66000000.0
2017-11,BlackBerry,89000000.0
2017-11,HTC,106500000.0
2017-11,ZTE,156500000.0
2017-11,Huawei,154000000.0
2017-11,Xiaomi,255000000.0
2017-12,iPhone,4645000000
2017-12,Nokia,38000000.0
2017-12,Samsung,1612000000.0
2017-12,Motorola,46500000.0
2017-12,Sony,3000000.0
2017-12,LG,65500000.0
2017-12,BlackBerry,89500000.0
2017-12,HTC,107000000.0
2017-12,ZTE,158000000.0
2017-12,Huawei,155500000.0
2017-12,Xiaomi,262000000.0
2018-01,iPhone,4702000000
2018-01,Nokia,25000000.0
2018-01,Samsung,1305000000.0
2018-01,Motorola,46000000.0
2018-01,Sony,2500000.0
2018-01,LG,65000000.0
2018-01,BlackBerry,90000000.0
2018-01,HTC,107500000.0
2018-01,ZTE,159500000.0
2018-01,Huawei,157000000.0
2018-01,Xiaomi,269000000.0
2018-02,iPhone,4760000000
2018-02,Nokia,18000000.0
2018-02,Samsung,1318000000.0
2018-02,Motorola,45500000.0
2018-02,Sony,2000000.0
2018-02,LG,64500000.0
2018-02,BlackBerry,90500000.0
2018-02,HTC,108000000.0
2018-02,ZTE,161000000.0
2018-02,Huawei,158500000.0
2018-02,Xiaomi,276000000.0
2018-03,iPhone,4815000000
2018-03,Nokia,12000000.0
2018-03,Samsung,1332000000.0
2018-03,Motorola,45000000.0
2018-03,Sony,10000.0
2018-03,LG,64000000.0
2018-03,BlackBerry,91000000.0
2018-03,HTC,108500000.0
2018-03,ZTE,162500000.0
2018-03,Huawei,160000000.0
2018-03,Xiaomi,283000000.0
2018-04,iPhone,4872000000
2018-04,Nokia,8000000.0
2018-04,Samsung,1345000000.0
2018-04,Motorola,44500000.0
2018-04,Sony,1000000.0
2018-04,LG,63500000.0
2018-04,BlackBerry,91500000.0
2018-04,HTC,109000000.0
2018-04,ZTE,164000000.0
2018-04,Huawei,161500000.0
2018-04,Xiaomi,290000000.0
2018-05,iPhone,4930000000
2018-05,Nokia,5000000.0
2018-05,Samsung,1358000000.0
2018-05,Motorola,50000000.0
2018-05,Sony,2000.0
2018-05,LG,57500000.0
2018-05,BlackBerry,98000000.0
2018-05,HTC,114500000.0
2018-05,ZTE,180500000.0
2018-05,Huawei,178000000.0
2018-05,Xiaomi,367000000.0
2018-06,iPhone,4985000000
2018-06,Nokia,2000.0
2018-06,Samsung,1372000000.0
2018-06,Motorola,51000000.0
2018-06,Sony,10000.0
2018-06,LG,57000000.0
2018-06,BlackBerry,98500000.0
2018-06,HTC,115000000.0
2018-06,ZTE,182000000.0
2018-06,Huawei,179000000.0
2018-06,Xiaomi,367000000.0
2018-07,iPhone,5042000000
2018-07,Nokia,1000000.0
2018-07,Samsung,1385000000.0
2018-07,Motorola,52500000.0
2018-07,Sony,9000000.0
2018-07,LG,56500000.0
2018-07,BlackBerry,99000000.0
2018-07,HTC,115500000.0
2018-07,ZTE,183500000.0
2018-07,Huawei,180500000.0
2018-07,Xiaomi,374000000.0
2018-08,iPhone,5090000000
2018-08,Nokia,800000.0
2018-08,Samsung,1398000000.0
2018-08,Motorola,52000000.0
2018-08,Sony,5000000.0
2018-08,LG,56000000.0
2018-08,BlackBerry,99500000.0
2018-08,HTC,116000000.0
2018-08,ZTE,185000000.0
2018-08,Huawei,182000000.0
2018-08,Xiaomi,381000000.0
2018-09,iPhone,5158000000
2018-09,Nokia,600000.0
2018-09,Samsung,1412000000.0
2018-09,Motorola,52500000.0
2018-09,Sony,10000.0
2018-09,LG,55500000.0
2018-09,BlackBerry,100000000.0
2018-09,HTC,116500000.0
2018-09,ZTE,186500000.0
2018-09,Huawei,183500000.0
2018-09,Xiaomi,388000000.0
2018-10,iPhone,5215000000
2018-10,Nokia,400000.0
2018-10,Samsung,1425000000.0
2018-10,Motorola,52000000.0
2018-10,Sony,400000.0
2018-10,LG,55000000.0
2018-10,BlackBerry,100500000.0
2018-10,HTC,117000000.0
2018-10,ZTE,188000000.0
2018-10,Huawei,185000000.0
2018-10,Xiaomi,395000000.0
2018-11,iPhone,5272000000
2018-11,Nokia,200000.0
2018-11,Samsung,1438000000.0
2018-11,Motorola,52500000.0
2018-11,Sony,200000.0
2018-11,LG,54500000.0
2018-11,BlackBerry,101000000.0
2018-11,HTC,117500000.0
2018-11,ZTE,189500000.0
2018-11,Huawei,186500000.0
2018-11,Xiaomi,402000000.0
2018-12,iPhone,5330000000
2018-12,Nokia,100000.0
2018-12,Samsung,1452000000.0
2018-12,Motorola,52500000.0
2018-12,Sony,100000.0
2018-12,LG,54000000.0
2018-12,BlackBerry,101500000.0
2018-12,HTC,118000000.0
2018-12,ZTE,191000000.0
2018-12,Huawei,188000000.0
2018-12,Xiaomi,409000000.0
2019-01,iPhone,5388000000
2019-01,Nokia,5000000.0
2019-01,Samsung,1465000000.0
2019-01,Motorola,40000000.0
2019-01,Sony,50000.0
2019-01,LG,59000000.0
2019-01,BlackBerry,96000000.0
2019-01,HTC,113500000.0
2019-01,ZTE,177500000.0
2019-01,Huawei,175000000.0
2019-01,Xiaomi,353000000.0
2019-02,iPhone,5445000000
2019-02,Nokia,2000000.0
2019-02,Samsung,1478000000.0
2019-02,Motorola,39500000.0
2019-02,Sony,2000000.0
2019-02,LG,58500000.0
2019-02,BlackBerry,96500000.0
2019-02,HTC,114000000.0
2019-02,ZTE,179000000.0
2019-02,Huawei,176500000.0
2019-02,Xiaomi,360000000.0
2019-03,iPhone,5502000000
2019-03,Nokia,10000.0
2019-03,Samsung,1492000000.0
2019-03,Motorola,39000000.0
2019-03,Sony,10000.0
2019-03,LG,58000000.0
2019-03,BlackBerry,97000000.0
2019-03,HTC,114500000.0
2019-03,ZTE,180500000.0
2019-03,Huawei,178000000.0
2019-03,Xiaomi,367000000.0
2019-04,iPhone,5560000000
2019-04,Nokia,132000000.0
2019-04,Samsung,1198000000.0
2019-04,Motorola,50000000.0
2019-04,Sony,6500000.0
2019-04,LG,69000000.0
2019-04,BlackBerry,86000000.0
2019-04,HTC,103000000.0
2019-04,ZTE,146000000.0
2019-04,Huawei,143500000.0
2019-04,Xiaomi,206000000.0
2019-05,iPhone,5618000000
2019-05,Nokia,2000.0
2019-05,Samsung,1518000000.0
2019-05,Motorola,50000000.0
2019-05,Sony,2000.0
2019-05,LG,57500000.0
2019-05,BlackBerry,98000000.0
2019-05,HTC,114500000.0
2019-05,ZTE,180500000.0
2019-05,Huawei,178000000.0
2019-05,Xiaomi,367000000.0
2019-06,iPhone,5675000000
2019-06,Nokia,1000.0
2019-06,Samsung,1532000000.0
2019-06,Motorola,51000000.0
2019-06,Sony,10000.0
2019-06,LG,57000000.0
2019-06,BlackBerry,98500000.0
2019-06,HTC,115000000.0
2019-06,ZTE,182000000.0
2019-06,Huawei,179000000.0
2019-06,Xiaomi,367000000.0
2020-01,iPhone,6072000000
2020-01,Nokia,5000000.0
2020-01,Samsung,1625000000.0
2020-01,Motorola,52000000.0
2020-01,Sony,50000.0
2020-01,LG,53500000.0
2020-01,BlackBerry,102000000.0
2020-01,HTC,118500000.0
2020-01,ZTE,192500000.0
2020-01,Huawei,189500000.0
2020-01,Xiaomi,416000000.0
2020-02,iPhone,6130000000
2020-02,Nokia,2000000.0
2020-02,Samsung,1638000000.0
2020-02,Motorola,51500000.0
2020-02,Sony,2000000.0
2020-02,LG,53000000.0
2020-02,BlackBerry,102500000.0
2020-02,HTC,119000000.0
2020-02,ZTE,194000000.0
2020-02,Huawei,191000000.0
2020-02,Xiaomi,423000000.0
2020-03,iPhone,6185000000
2020-03,Nokia,10000.0
2020-03,Samsung,1652000000.0
2020-03,Motorola,51000000.0
2020-03,Sony,10000.0
2020-03,LG,52500000.0
2020-03,BlackBerry,103000000.0
2020-03,HTC,119500000.0
2020-03,ZTE,195500000.0
2020-03,Huawei,192500000.0
2020-03,Xiaomi,430000000.0
2020-04,iPhone,6242000000
2020-04,Nokia,5000.0
2020-04,Samsung,1665000000.0
2020-04,Motorola,50000000.0
2020-04,Sony,2000.0
2020-04,LG,57500000.0
2020-04,BlackBerry,98000000.0
2020-04,HTC,114500000.0
2020-04,ZTE,180500000.0
2020-04,Huawei,178000000.0
2020-04,Xiaomi,367000000.0
2020-05,iPhone,6300000000
2020-05,Nokia,2000.0
2020-05,Samsung,1678000000.0
2020-05,Motorola,50000000.0
2020-05,Sony,2000.0
2020-05,LG,57500000.0
2020-05,BlackBerry,98000000.0
2020-05,HTC,114500000.0
2020-05,ZTE,180500000.0
2020-05,Huawei,178000000.0
2020-05,Xiaomi,367000000.0
2020-06,iPhone,6355000000
2020-06,Nokia,1000.0
2020-06,Samsung,1692000000.0
2020-06,Motorola,49500000.0
2020-06,Sony,10000.0
2020-06,LG,57000000.0
2020-06,BlackBerry,98500000.0
2020-06,HTC,115000000.0
2020-06,ZTE,182000000.0
2020-06,Huawei,179000000.0
2020-06,Xiaomi,367000000.0
2020-07,iPhone,6412000000
2020-07,Nokia,500.0
2020-07,Samsung,1705000000.0
2020-07,Motorola,49000000.0
2020-07,Sony,5000.0
2020-07,LG,56500000.0
2020-07,BlackBerry,99000000.0
2020-07,HTC,115500000.0
2020-07,ZTE,183500000.0
2020-07,Huawei,180500000.0
2020-07,Xiaomi,374000000.0
2020-08,iPhone,6470000000
2020-08,Nokia,200.0
2020-08,Samsung,1718000000.0
2020-08,Motorola,48500000.0
2020-08,Sony,2000.0
2020-08,LG,56000000.0
2020-08,BlackBerry,99500000.0
2020-08,HTC,116000000.0
2020-08,ZTE,185000000.0
2020-08,Huawei,182000000.0
2020-08,Xiaomi,381000000.0
2020-09,iPhone,6525000000
2020-09,Nokia,100.0
2020-09,Samsung,1732000000.0
2020-09,Motorola,48000000.0
2020-09,Sony,1000.0
2020-09,LG,55500000.0
2020-09,BlackBerry,100000000.0
2020-09,HTC,116500000.0
2020-09,ZTE,186500000.0
2020-09,Huawei,183500000.0
2020-09,Xiaomi,388000000.0
2020-10,iPhone,6582000000
2020-10,Nokia,50.0
2020-10,Samsung,1745000000.0
2020-10,Motorola,47500000.0
2020-10,Sony,500.0
2020-10,LG,55000000.0
2020-10,BlackBerry,100500000.0
2020-10,HTC,117000000.0
2020-10,ZTE,188000000.0
2020-10,Huawei,185000000.0
2020-10,Xiaomi,395000000.0
2020-11,iPhone,6640000000
2020-11,Nokia,20.0
2020-11,Samsung,1758000000.0
2020-11,Motorola,47000000.0
2020-11,Sony,200.0
2020-11,LG,54500000.0
2020-11,BlackBerry,101000000.0
2020-11,HTC,117500000.0
2020-11,ZTE,189500000.0
2020-11,Huawei,186500000.0
2020-11,Xiaomi,402000000.0
2020-12,iPhone,6695000000
2020-12,Nokia,10.0
2020-12,Samsung,1772000000.0
2020-12,Motorola,46500000.0
2020-12,Sony,100.0
2020-12,LG,54000000.0
2020-12,BlackBerry,101500000.0
2020-12,HTC,118000000.0
2020-12,ZTE,191000000.0
2020-12,Huawei,188000000.0
2020-12,Xiaomi,409000000.0
2021-01,iPhone,6752000000
2021-01,Nokia,5.0
2021-01,Samsung,1785000000.0
2021-01,Motorola,46000000.0
2021-01,Sony,50.0
2021-01,LG,53500000.0
2021-01,BlackBerry,102000000.0
2021-01,HTC,118500000.0
2021-01,ZTE,192500000.0
2021-01,Huawei,189500000.0
2021-01,Xiaomi,416000000.0
2021-02,iPhone,6810000000
2021-02,Nokia,2.0
2021-02,Samsung,1798000000.0
2021-02,Motorola,45500000.0
2021-02,Sony,20.0
2021-02,LG,53000000.0
2021-02,BlackBerry,102500000.0
2021-02,HTC,119000000.0
2021-02,ZTE,194000000.0
2021-02,Huawei,191000000.0
2021-02,Xiaomi,423000000.0
2021-03,iPhone,6865000000
2021-03,Nokia,1.0
2021-03,Samsung,1812000000.0
2021-03,Motorola,45000000.0
2021-03,Sony,10.0
2021-03,LG,52500000.0
2021-03,BlackBerry,103000000.0
2021-03,HTC,119500000.0
2021-03,ZTE,195500000.0
2021-03,Huawei,192500000.0
2021-03,Xiaomi,430000000.0
2021-04,iPhone,6922000000
2021-04,Nokia,0.0
2021-04,Samsung,1825000000.0
2021-04,Motorola,44500000.0
2021-04,Sony,5.0
2021-04,LG,52000000.0
2021-04,BlackBerry,103500000.0
2021-04,HTC,120000000.0
2021-04,ZTE,197000000.0
2021-04,Huawei,194000000.0
2021-04,Xiaomi,437000000.0
2021-05,iPhone,6980000000
2021-05,Nokia,0.0
2021-05,Samsung,1838000000.0
2021-05,Motorola,44000000.0
2021-05,Sony,2.0
2021-05,LG,51500000.0
2021-05,BlackBerry,104000000.0
2021-05,HTC,120500000.0
2021-05,ZTE,198500000.0
2021-05,Huawei,195500000.0
2021-05,Xiaomi,444000000.0
2021-06,iPhone,7035000000
2021-06,Nokia,0.0
2021-06,Samsung,1852000000.0
2021-06,Motorola,43500000.0
2021-06,Sony,1.0
2021-06,LG,51000000.0
2021-06,BlackBerry,104500000.0
2021-06,HTC,121000000.0
2021-06,ZTE,200000000.0
2021-06,Huawei,197000000.0
2021-06,Xiaomi,451000000.0
2021-07,iPhone,7092000000
2021-07,Nokia,0.0
2021-07,Samsung,1865000000.0
2021-07,Motorola,43000000.0
2021-07,Sony,0.0
2021-07,LG,50500000.0
2021-07,BlackBerry,105000000.0
2021-07,HTC,121500000.0
2021-07,ZTE,201500000.0
2021-07,Huawei,198500000.0
2021-07,Xiaomi,458000000.0
2021-08,iPhone,7150000000
2021-08,Nokia,0.0
2021-08,Samsung,1878000000.0
2021-08,Motorola,42500000.0
2021-08,Sony,0.0
2021-08,LG,50000000.0
2021-08,BlackBerry,105500000.0
2021-08,HTC,122000000.0
2021-08,ZTE,203000000.0
2021-08,Huawei,200000000.0
2021-08,Xiaomi,465000000.0
2021-09,iPhone,7205000000
2021-09,Nokia,0.0
2021-09,Samsung,1892000000.0
2021-09,Motorola,42000000.0
2021-09,Sony,0.0
2021-09,LG,49500000.0
2021-09,BlackBerry,106000000.0
2021-09,HTC,122500000.0
2021-09,ZTE,204500000.0
2021-09,Huawei,201500000.0
2021-09,Xiaomi,472000000.0
2021-10,iPhone,7262000000
2021-10,Nokia,0.0
2021-10,Samsung,1905000000.0
2021-10,Motorola,41500000.0
2021-10,Sony,0.0
2021-10,LG,49000000.0
2021-10,BlackBerry,106500000.0
2021-10,HTC,123000000.0
2021-10,ZTE,206000000.0
2021-10,Huawei,203000000.0
2021-10,Xiaomi,479000000.0
2021-11,iPhone,7320000000
2021-11,Nokia,0.0
2021-11,Samsung,1918000000.0
2021-11,Motorola,41000000.0
2021-11,Sony,0.0
2021-11,LG,48500000.0
2021-11,BlackBerry,107000000.0
2021-11,HTC,123500000.0
2021-11,ZTE,207500000.0
2021-11,Huawei,204500000.0
2021-11,Xiaomi,486000000.0
2021-12,iPhone,7375000000
2021-12,Nokia,0.0
2021-12,Samsung,1932000000.0
2021-12,Motorola,40500000.0
2021-12,Sony,0.0
2021-12,LG,48000000.0
2021-12,BlackBerry,107500000.0
2021-12,HTC,124000000.0
2021-12,ZTE,209000000.0
2021-12,Huawei,206000000.0
2021-12,Xiaomi,493000000.0
2022-01,iPhone,7432000000
2022-01,Nokia,0.0
2022-01,Samsung,1945000000.0
2022-01,Motorola,40000000.0
2022-01,Sony,0.0
2022-01,LG,47500000.0
2022-01,BlackBerry,108000000.0
2022-01,HTC,124500000.0
2022-01,ZTE,210500000.0
2022-01,Huawei,207500000.0
2022-01,Xiaomi,500000000.0
2022-02,iPhone,7490000000
2022-02,Nokia,0.0
2022-02,Samsung,1958000000.0
2022-02,Motorola,39500000.0
2022-02,Sony,0.0
2022-02,LG,47000000.0
2022-02,BlackBerry,108500000.0
2022-02,HTC,125000000.0
2022-02,ZTE,212000000.0
2022-02,Huawei,209000000.0
2022-02,Xiaomi,507000000.0
2022-03,iPhone,7545000000
2022-03,Nokia,0.0
2022-03,Samsung,1972000000.0
2022-03,Motorola,39000000.0
2022-03,Sony,0.0
2022-03,LG,46500000.0
2022-03,BlackBerry,109000000.0
2022-03,HTC,125500000.0
2022-03,ZTE,213500000.0
2022-03,Huawei,210500000.0
2022-03,Xiaomi,514000000.0
2022-04,iPhone,7602000000
2022-04,Nokia,0.0
2022-04,Samsung,1985000000.0
2022-04,Motorola,38500000.0
2022-04,Sony,0.0
2022-04,LG,46000000.0
2022-04,BlackBerry,109500000.0
2022-04,HTC,126000000.0
2022-04,ZTE,215000000.0
2022-04,Huawei,212000000.0
2022-04,Xiaomi,521000000.0
2022-05,iPhone,7660000000
2022-05,Nokia,0.0
2022-05,Samsung,1998000000.0
2022-05,Motorola,38000000.0
2022-05,Sony,0.0
2022-05,LG,45500000.0
2022-05,BlackBerry,110000000.0
2022-05,HTC,126500000.0
2022-05,ZTE,216500000.0
2022-05,Huawei,213500000.0
2022-05,Xiaomi,528000000.0
2022-06,iPhone,7715000000
2022-06,Nokia,0.0
2022-06,Samsung,2012000000.0
2022-06,Motorola,37500000.0
2022-06,Sony,0.0
2022-06,LG,45000000.0
2022-06,BlackBerry,110500000.0
2022-06,HTC,127000000.0
2022-06,ZTE,218000000.0
2022-06,Huawei,215000000.0
2022-06,Xiaomi,535000000.0
2022-07,iPhone,7772000000
2022-07,Nokia,0.0
2022-07,Samsung,2025000000.0
2022-07,Motorola,37000000.0
2022-07,Sony,0.0
2022-07,LG,44500000.0
2022-07,BlackBerry,111000000.0
2022-07,HTC,127500000.0
2022-07,ZTE,219500000.0
2022-07,Huawei,216500000.0
2022-07,Xiaomi,542000000.0
2022-08,iPhone,7830000000
2022-08,Nokia,0.0
2022-08,Samsung,2038000000.0
2022-08,Motorola,36500000.0
2022-08,Sony,0.0
2022-08,LG,44000000.0
2022-08,BlackBerry,111500000.0
2022-08,HTC,128000000.0
2022-08,ZTE,221000000.0
2022-08,Huawei,218000000.0
2022-08,Xiaomi,549000000.0
2022-09,iPhone,7885000000
2022-09,Nokia,0.0
2022-09,Samsung,2052000000.0
2022-09,Motorola,36000000.0
2022-09,Sony,0.0
2022-09,LG,43500000.0
2022-09,BlackBerry,112000000.0
2022-09,HTC,128500000.0
2022-09,ZTE,222500000.0
2022-09,Huawei,219500000.0
2022-09,Xiaomi,556000000.0
2022-10,iPhone,7942000000
2022-10,Nokia,0.0
2022-10,Samsung,2065000000.0
2022-10,Motorola,35500000.0
2022-10,Sony,0.0
2022-10,LG,43000000.0
2022-10,BlackBerry,112500000.0
2022-10,HTC,129000000.0
2022-10,ZTE,224000000.0
2022-10,Huawei,221000000.0
2022-10,Xiaomi,563000000.0
2022-11,iPhone,8000000000
2022-11,Nokia,0.0
2022-11,Samsung,2078000000.0
2022-11,Motorola,35000000.0
2022-11,Sony,0.0
2022-11,LG,42500000.0
2022-11,BlackBerry,113000000.0
2022-11,HTC,129500000.0
2022-11,ZTE,225500000.0
2022-11,Huawei,222500000.0
2022-11,Xiaomi,570000000.0
2022-12,iPhone,8055000000
2022-12,Nokia,0.0
2022-12,Samsung,2092000000.0
2022-12,Motorola,34500000.0
2022-12,Sony,0.0
2022-12,LG,42000000.0
2022-12,BlackBerry,113500000.0
2022-12,HTC,130000000.0
2022-12,ZTE,227000000.0
2022-12,Huawei,224000000.0
2022-12,Xiaomi,577000000.0
2023-01,iPhone,8112000000
2023-01,Nokia,0.0
2023-01,Samsung,2105000000.0
2023-01,Motorola,34000000.0
2023-01,Sony,0.0
2023-01,LG,41500000.0
2023-01,BlackBerry,114000000.0
2023-01,HTC,130500000.0
2023-01,ZTE,228500000.0
2023-01,Huawei,225500000.0
2023-01,Xiaomi,584000000.0
2023-02,iPhone,8170000000
2023-02,Nokia,0.0
2023-02,Samsung,2118000000.0
2023-02,Motorola,33500000.0
2023-02,Sony,0.0
2023-02,LG,41000000.0
2023-02,BlackBerry,114500000.0
2023-02,HTC,131000000.0
2023-02,ZTE,230000000.0
2023-02,Huawei,227000000.0
2023-02,Xiaomi,591000000.0
2023-03,iPhone,8225000000
2023-03,Nokia,0.0
2023-03,Samsung,2132000000.0
2023-03,Motorola,33000000.0
2023-03,Sony,0.0
2023-03,LG,40500000.0
2023-03,BlackBerry,115000000.0
2023-03,HTC,131500000.0
2023-03,ZTE,231500000.0
2023-03,Huawei,228500000.0
2023-03,Xiaomi,598000000.0
2023-04,iPhone,8282000000
2023-04,Nokia,0.0
2023-04,Samsung,2145000000.0
2023-04,Motorola,32500000.0
2023-04,Sony,0.0
2023-04,LG,40000000.0
2023-04,BlackBerry,115500000.0
2023-04,HTC,132000000.0
2023-04,ZTE,233000000.0
2023-04,Huawei,230000000.0
2023-04,Xiaomi,605000000.0
2023-05,iPhone,8340000000
2023-05,Nokia,0.0
2023-05,Samsung,2158000000.0
2023-05,Motorola,32000000.0
2023-05,Sony,0.0
2023-05,LG,39500000.0
2023-05,BlackBerry,116000000.0
2023-05,HTC,132500000.0
2023-05,ZTE,234500000.0
2023-05,Huawei,231500000.0
2023-05,Xiaomi,612000000.0
2023-06,iPhone,8395000000
2023-06,Nokia,0.0
2023-06,Samsung,2172000000.0
2023-06,Motorola,31500000.0
2023-06,Sony,0.0
2023-06,LG,39000000.0
2023-06,BlackBerry,116500000.0
2023-06,HTC,133000000.0
2023-06,ZTE,236000000.0
2023-06,Huawei,233000000.0
2023-06,Xiaomi,619000000.0
2023-07,iPhone,8452000000
2023-07,Nokia,0.0
2023-07,Samsung,2185000000.0
2023-07,Motorola,31000000.0
2023-07,Sony,0.0
2023-07,LG,38500000.0
2023-07,BlackBerry,117000000.0
2023-07,HTC,133500000.0
2023-07,ZTE,237500000.0
2023-07,Huawei,234500000.0
2023-07,Xiaomi,626000000.0
2023-08,iPhone,8510000000
2023-08,Nokia,0.0
2023-08,Samsung,2198000000.0
2023-08,Motorola,30500000.0
2023-08,Sony,0.0
2023-08,LG,38000000.0
2023-08,BlackBerry,117500000.0
2023-08,HTC,134000000.0
2023-08,ZTE,239000000.0
2023-08,Huawei,236000000.0
2023-08,Xiaomi,633000000.0
2023-09,iPhone,8565000000
2023-09,Nokia,0.0
2023-09,Samsung,2212000000.0
2023-09,Motorola,30000000.0
2023-09,Sony,0.0
2023-09,LG,37500000.0
2023-09,BlackBerry,118000000.0
2023-09,HTC,134500000.0
2023-09,ZTE,240500000.0
2023-09,Huawei,237500000.0
2023-09,Xiaomi,640000000.0
2023-10,iPhone,8622000000
2023-10,Nokia,0.0
2023-10,Samsung,2225000000.0
2023-10,Motorola,29500000.0
2023-10,Sony,0.0
2023-10,LG,37000000.0
2023-10,BlackBerry,118500000.0
2023-10,HTC,135000000.0
2023-10,ZTE,242000000.0
2023-10,Huawei,239000000.0
2023-10,Xiaomi,647000000.0
2023-11,iPhone,8680000000
2023-11,Nokia,0.0
2023-11,Samsung,2238000000.0
2023-11,Motorola,29000000.0
2023-11,Sony,0.0
2023-11,LG,36500000.0
2023-11,BlackBerry,119000000.0
2023-11,HTC,135500000.0
2023-11,ZTE,243500000.0
2023-11,Huawei,240500000.0
2023-11,Xiaomi,654000000.0
2023-12,iPhone,8735000000
2023-12,Nokia,0.0
2023-12,Samsung,2252000000.0
2023-12,Motorola,28500000.0
2023-12,Sony,0.0
2023-12,LG,36000000.0
2023-12,BlackBerry,119500000.0
2023-12,HTC,136000000.0
2023-12,ZTE,245000000.0
2023-12,Huawei,242000000.0
2023-12,Xiaomi,661000000.0
2024-01,iPhone,8792000000
2024-01,Nokia,0.0
2024-01,Samsung,2265000000.0
2024-01,Motorola,28000000.0
2024-01,Sony,0.0
2024-01,LG,35500000.0
2024-01,BlackBerry,120000000.0
2024-01,HTC,136500000.0
2024-01,ZTE,246500000.0
2024-01,Huawei,243500000.0
2024-01,Xiaomi,668000000.0
2024-02,iPhone,8850000000
2024-02,Nokia,0.0
2024-02,Samsung,2278000000.0
2024-02,Motorola,27500000.0
2024-02,Sony,0.0
2024-02,LG,35000000.0
2024-02,BlackBerry,120500000.0
2024-02,HTC,137000000.0
2024-02,ZTE,248000000.0
2024-02,Huawei,245000000.0
2024-02,Xiaomi,675000000.0
2024-03,iPhone,8905000000
2024-03,Nokia,0.0
2024-03,Samsung,2292000000.0
2024-03,Motorola,27000000.0
2024-03,Sony,0.0
2024-03,LG,34500000.0
2024-03,BlackBerry,121000000.0
2024-03,HTC,137500000.0
2024-03,ZTE,249500000.0
2024-03,Huawei,246500000.0
2024-03,Xiaomi,682000000.0
2024-04,iPhone,8962000000
2024-04,Nokia,0.0
2024-04,Samsung,2305000000.0
2024-04,Motorola,26500000.0
2024-04,Sony,0.0
2024-04,LG,34000000.0
2024-04,BlackBerry,121500000.0
2024-04,HTC,138000000.0
2024-04,ZTE,251000000.0
2024-04,Huawei,248000000.0
2024-04,Xiaomi,689000000.0
2024-05,iPhone,9020000000
2024-05,Nokia,0.0
2024-05,Samsung,2318000000.0
2024-05,Motorola,26000000.0
2024-05,Sony,0.0
2024-05,LG,33500000.0
2024-05,BlackBerry,122000000.0
2024-05,HTC,138500000.0
2024-05,ZTE,252500000.0
2024-05,Huawei,249500000.0
2024-05,Xiaomi,696000000.0
2024-06,iPhone,9075000000
2024-06,Nokia,0.0
2024-06,Samsung,2332000000.0
2024-06,Motorola,25500000.0
2024-06,Sony,0.0
2024-06,LG,33000000.0
2024-06,BlackBerry,122500000.0
2024-06,HTC,139000000.0
2024-06,ZTE,254000000.0
2024-06,Huawei,251000000.0
2024-06,Xiaomi,703000000.0
2024-07,iPhone,9132000000
2024-07,Nokia,0.0
2024-07,Samsung,2345000000.0
2024-07,Motorola,25000000.0
2024-07,Sony,0.0
2024-07,LG,32500000.0
2024-07,BlackBerry,123000000.0
2024-07,HTC,139500000.0
2024-07,ZTE,255500000.0
2024-07,Huawei,252500000.0
2024-07,Xiaomi,710000000.0
2024-08,iPhone,9190000000
2024-08,Nokia,0.0
2024-08,Samsung,2358000000.0
2024-08,Motorola,24500000.0
2024-08,Sony,0.0
2024-08,LG,32000000.0
2024-08,BlackBerry,123500000.0
2024-08,HTC,140000000.0
2024-08,ZTE,257000000.0
2024-08,Huawei,254000000.0
2024-08,Xiaomi,717000000.0
2024-09,iPhone,9245000000
2024-09,Nokia,0.0
2024-09,Samsung,2372000000.0
2024-09,Motorola,24000000.0
2024-09,Sony,0.0
2024-09,LG,31500000.0
2024-09,BlackBerry,124000000.0
2024-09,HTC,140500000.0
2024-09,ZTE,258500000.0
2024-09,Huawei,255500000.0
2024-09,Xiaomi,724000000.0
2024-10,iPhone,9302000000
2024-10,Nokia,0.0
2024-10,Samsung,2385000000.0
2024-10,Motorola,23500000.0
2024-10,Sony,0.0
2024-10,LG,31000000.0
2024-10,BlackBerry,124500000.0
2024-10,HTC,141000000.0
2024-10,ZTE,260000000.0
2024-10,Huawei,257000000.0
2024-10,Xiaomi,731000000.0
2024-11,iPhone,9360000000
2024-11,Nokia,0.0
2024-11,Samsung,2398000000.0
2024-11,Motorola,23000000.0
2024-11,Sony,0.0
2024-11,LG,30500000.0
2024-11,BlackBerry,125000000.0
2024-11,HTC,141500000.0
2024-11,ZTE,261500000.0
2024-11,Huawei,258500000.0
2024-11,Xiaomi,738000000.0
2024-12,iPhone,9415000000
2024-12,Nokia,0.0
2024-12,Samsung,2412000000.0
2024-12,Motorola,22500000.0
2024-12,Sony,0.0
2024-12,LG,30000000.0
2024-12,BlackBerry,125500000.0
2024-12,HTC,142000000.0
2024-12,ZTE,263000000.0
2024-12,Huawei,260000000.0
2024-12,Xiaomi,745000000.0
